iter	MAE
0	5.626218698
50	5.169715875
100	4.789266878
150	4.465436698
200	4.177406541
250	3.916796551
300	3.675414667
350	3.453412283
400	3.250285841
450	3.061121981
500	2.888064689
550	2.73095212
600	2.590933766
650	2.467057484
700	2.358816475
750	2.268320662
800	2.194431368
850	2.13332759
900	2.083277162
950	2.041492867
1000	2.007181343
1050	1.978090468
1100	1.951231711
1150	1.925227051
1200	1.901815143
1250	1.878900843
1300	1.857473961
1350	1.836054468
1400	1.815044992
